question_id,model_name,category,subscores,deductions_applied,score_final,rationale
os_5.15a,ci_rag,Hypothesis Formulation," {""correctness"": 6.0, ""completeness"": 3.0, ""clarity"": 1.0}, score_raw"": 10.0,"," [],",null," {""correctness"": ""Uses population parameter p; H0 includes equality and Ha complementary and two-sided for 'different'. Words and symbols consistent."", ""completeness"": ""Gives H0/Ha in words and symbols and states values (p = 0.50)."", ""clarity"": ""Short and clear statements."", ""notes"": ""Gold answer matches exactly.""},"
os_5.15b,ci_rag,Interpretation (CI to Hypothesis)," {""correctness"": 6.0, ""completeness"": 3.0, ""clarity"": 1.0}, score_raw"": 10.0,"," [],",null," {""correctness"": ""Identifies null value 0.50; checks CI [0.525,0.715] excludes 0.50; decision to reject at α=0.05 consistent."", ""completeness"": ""States decision and reasoning; mentions significance level linking to 95% CI."", ""clarity"": ""Plain, direct explanation in context."", ""notes"": none, ""error"": none}"
os_5.15c,ci_rag,Checking Conditions,"{""correctness"": 2.0, ""completeness"": 2.5, ""clarity"": 0.6}, ""score_raw"": 5.1"," [],",null," {""correctness"": ""Definition given focuses on IID Bernoulli rather than the numeric success–failure rule; successes 62 and failures 38 computed, but final conclusion incorrectly says it’s impossible to decide."", ""completeness"": ""Mentions independence and distributional check; shows numbers; gives a conclusion (though wrong)."", ""clarity"": ""Steps are readable but mix up independence vs success–failure."", ""notes"": ""Correct conclusion should be 'met' because 62 and 38 ≥ 10.""}, ""error"": null}"
os_5.16a,ci_rag,Hypothesis Formulation," {""correctness"": 6.0, ""completeness"": 2.0, ""clarity"": 1.0}, ""score_raw"": 9.0,"," [],",null," {""correctness"": ""Population means used; H0 has equality; two-sided 'different' tail; consistent words/symbols."", ""completeness"": ""Gives words and symbols but does not state the 15-minute value explicitly in symbols (expected μ = 15)."", ""clarity"": ""Concise, unambiguous.""}, ""notes"": null, ""error"": null}"
os_5.16b,ci_rag,Conceptual Application,"{""correctness"": 6.0, ""completeness"": 3.0, ""clarity"": 1.0}, ""score_raw"": 10,"," [],",null," {""correctness"": ""Identifies Type I error; gives correct definition; applies to scenario where true mean unchanged and H0 was rejected."", ""completeness"": ""Gives identification + definition + contextual application"", ""clarity"": ""Clear and direct.""}, ""notes"": null, ""error"": null}"
os_5.17,ci_rag,Conceptual Errors,"{""correctness"": 0.5, ""completeness"": 0.5, ""clarity"": 0.6}, ""score_raw"": 1.6,"," [{""code"": ""uses_sample_stat_in_hypotheses"", ""points"": null, ""reason"": ""Writes hypotheses with phat instead of population p.""}, {""code"": ""wrong_tail_vs_wording"", ""points"": null, ""reason"": ""Should be two-sided around same claimed value; answer gives one-sided and mismatched values.""}],",null," {""correctness"": ""Misses alot of key errors (missing equality in H0; mismatched 0.6 vs 0.7; same claimed value); proposed 'correct' H0/Ha still use phat and wrong tail."", ""completeness"": ""Lists only one error and incorrect 'corrections'; omits several fundamental issues."", ""clarity"": ""Readable but the fixes are wrong.""}, ""notes"": ""Gold correction: H0: p = 0.6, Ha: p ≠ 0.6."", ""error"": null}"
os_5.19a,ci_rag,Interpretation (CI to Hypothesis)," {""correctness"": 0.0, ""completeness"": 0.0, ""clarity"": 0.2},"," [],",null," {""correctness"": ""Response computes unrelated CIs via plus-four and does not reference majority threshold (0.50) or the provided CI [0.54,0.64]."", ""completeness"": ""Does not answer any of the three requested criterias (threshold, decision, reasoning)."", ""clarity"": ""Organized, but off-topic for the asked task.""}, ""notes"": ""Expected: threshold 0.50; decision 'supported' since CI entirely above 0.50; explain linkage."", ""error"": null}"
os_5.19b,ci_rag,Interpretation (CI to Hypothesis)," {""correctness"": 6.0, ""completeness"": 3.0, ""clarity"": 1.0}, ""score_raw"": 10.0,"," [],",null," {""correctness"": ""States NOT supported; notes 0.70 is outside CI [0.54,0.64]; conclusion in context."", ""completeness"": ""Gives decision + CI comparison + brief context"", ""clarity"": ""Plain-language explanation.""}, ""error"": null}"
os_5.19c,ci_rag,Interpretation (CI to Hypothesis)," {""correctness"": 3.0, ""completeness"": 2.0, ""clarity"": 0.8}, ""score_raw"": 6.8,"," [{""code"": ""wrong_CI_interpretation"", ""points"": null, ""reason"": ""States 90% CI is wider than 95%; reversed.""}],",null," {""correctness"": ""Decision 'not supported' is right because 95% CI already excludes 0.70, so narrower 90% also excludes; but interval-width statement is wrong and thus the conclusion whilst right is supported by the wrong reasoning."", ""completeness"": ""Provides comparison, decision, and reasoning but dose not include explicit α and CI linkage."", ""clarity"": ""Mostly clear despite the width slip.""}, ""notes"": null, ""error"": null}"
os_5.21,ci_rag,Full Test Procedure," {""correctness"": 1.5, ""completeness"": 2.5, ""clarity"": 0.6}, ""score_raw"": 4.6,"," [{""code"": ""uses_sample_stat_in_hypotheses"", ""points"": null, ""reason"": ""Centers H0 at sample 0.42 instead of 0.50.""}, {""code"": ""wrong_tail_vs_wording"", ""points"": null, ""reason"": ""Question asks about 'majority' (>0.50) but hypotheses framed around 0.42.""}, {""code"": ""arithmetic_error_major"", ""points"": null, ""reason"": ""SE/test statistic logic incorrect (uses 0.42 for SE; says z=0).""}],",null," {""correctness"": ""Wrong H0/Ha; , uses wrong p0; SE and z not computed correctly; decision coincidentally matches direction but reasoning is very wrong."", ""completeness"": ""Includes most required steps (H0/Ha, checks, test choice, formulas, decision, context)."", ""clarity"": ""Readable but contradictions (e.g., z=0) reduce coherence.""}, ""notes"": ""Expected H0: p=0.50 vs Ha: p>0.50; SE should use p0 under H0."", ""error"": null}"
os_5.25a,ci_rag,Hypothesis Formulation," {""correctness"": 6.0, ""completeness"": 3.0, ""clarity"": 1.0}, ""score_raw"": 10.0,","deductions_applied"":[],",null," {""correctness"": ""Correct definition givens."", ""completeness"": ""Gives both definitions correctly within context."", ""clarity"": ""Concise and clear}, ""notes"": ""None."", ""error"": null}"
os_5.25b,ci_rag,Conceptual Errors,"{""correctness"":6.0,""completeness"":4.0,""clarity"":1.0},""score_raw"":10.0,","[],",null,"{""correctness"":""Defines Type I error correctly (reject a true H0) and applies to context: conclude the medication helps when in reality it does."",""completeness"":""Includes general definition + scenario-specific consequence."",""clarity"":""Clear, plain-language explanation.""},""error"":null}"
os_5.25c,ci_rag,Conceptual Errors,"{""correctness"":6.0,""completeness"":3.0,""clarity"":1.0},""score_raw"":10.0,","[],",null,"{""correctness"":""Defines Type II error correctly (fail to reject a false H0) and applies to context: conclude no effect when one exists matches the gold too."",""completeness"":""Gives both definition and Diana-specific implication."",""clarity"":""Crisp, easy to follow.""},""error"":null}"
os_5.25d,ci_rag,Interpretation (CI to Hypothesis),"{""correctness"":6.0,""completeness"":3.0,""clarity"":1.0},""score_raw"":10.0,","[],",null,"{""correctness"":""States null value (μ=0), rejects H0, and ties decision to CI not containing 0; notes entire interval positive ⇒ evidence of improvement matches gold."",""completeness"":""Addresses null value, decision, and reasoning via CI–H0 linkage."",""clarity"":""Concise and precise.""},""error"":null}"
os_5.27a,ci_rag,Interpretation of confidence interval,"{""correctness"":6.0,""completeness"":3.0,""clarity"":1.0},""score_raw"":10.0,","[],""",null,"{""correctness"":""Correct level (95%), parameter defined in population/context, and interval [1.38, 1.92] stated. Same with gold interpretation."",""completeness"":""Includes level, parameter, and bounds"",""clarity"":""Clear phrasing without misuse of probability terms.""},""error"":null}"
os_5.27b,ci_rag,Interpretation of confidence interval," {""correctness"":0.0,""completeness"":3.0,""clarity"":1.0},""score_raw"":4.0,""","[{""code"":""wrong_CI_interpretation"",""points"":null,""reason"":""Says larger margin of error ⇒ LOWER confidence; should be higher. Also infers new level <95% (reversed).""}],",null,"{""correctness"":""Both required claims are reversed: as confidence increases, margin of error increases; therefore a wider interval implies a level >95%. Gold states this relationship."",""completeness"":""Answered both parts (relationship and comparison to 95%)."",""clarity"":""Statements are clear, just incorrect.""},""error"":null}"
os_5.27c,ci_rag,Interpretation of confidence interval," {""correctness"":6.0,""completeness"":3.0,""clarity"":1.0},""score_raw"":10.0,","[],",null,"{""correctness"":""Correctly states new margin of error will be smaller with larger n and explains via SE decreasing with n (matches gold)."",""completeness"":""Addresses both requested criteria comparison and reasoning."",""clarity"":""Plain, precise explanation.""},""error"":null}"
os_5.27d,ci_rag,Interpretation (CI to Hypothesis),"subscores"":{""correctness"":2.0,""completeness"":3.0,""clarity"":0.8},""score_raw"":5.8,","[{""code"":""wrong_CI_interpretation"",""points"":null,""reason"":""Claims 99% CI would be narrower; also reasoning about decision change is inconsistent with CI logic.""}],",null,"{""correctness"":""(1) Correctly maps α=0.01 to 99% CI. (2) Incorrect: a 99% CI is wider than a 95% CI. (3) Conclusion logic is off gold notes the wider CI could include 2.0, changing decision to 'Do not reject.'"",""completeness"":""Responds to all three prompts (level, width comparison, possible impact)."",""clarity"":""Readable, but internally inconsistent (narrower vs wider), reducing clarity.""},""error"":null}"
os_5.29a,ci_rag,Hypothesis Formulation,"{""correctness"":6.0,""completeness"":3.0,""clarity"":1.0},""score_raw"":10.0,","[],",null,"{""correctness"":""H0: meets all sanitation regulations; Ha: violates at least one—population statements with implied equality in H0; matches gold."",""completeness"":""Both H0 and Ha given in words as required."",""clarity"":""Short and unambiguous.""},""error"":null}"
os_5.29b,ci_rag,Conceptual Errors,"{""correctness"":6.0,""completeness"":3.0,""clarity"":1.0},""score_raw"":10.0,","[],",null,"{""correctness"":""Defines Type I error correctly (rejecting a true H0) and applies it to the scenario. Wrongly concluding the restaurant is unsafe/violates regulations (matches gold)."",""completeness"":""Gives both the general definition and the context specific implication, as requested."",""clarity"":""Clear statements.""},""error"":null}"
os_5.29c,ci_rag,Conceptual Errors,"{""correctness"":4.0,""completeness"":2.0,""clarity"":0.8},""score_raw"":6.8,","deductions_applied"":[],",null,"""score_final"":null,{""correctness"":""General definition of Type II error is correct (fail to reject a false H0). Concluding the restaurant is safe when it is actually unsafe."",""completeness"":""Correct definition and application."", ""clarity"":""Clear""},""error"":null}"
os_5.29d,ci_rag,Conceptual Errors,"{""correctness"":6.0,""completeness"":3.0,""clarity"":1.0},""score_raw"":10.0,","[],",null,"{""correctness"":""Identifies Type I error as more problematic for the owner and explains: a safe restaurant could be shut down, with fines/reputation loss aligns with gold."",""completeness"":""Answers both parts (identification + owner-focused reasoning)."",""clarity"":""Well-structured bullets; easy to follow.""},""error"":null}"
os_5.29e,ci_rag,Conceptual Errors,"{""correctness"":1.5,""completeness"":2.5,""clarity"":1.0},""score_raw"":5.0,","[],",null,"{""correctness"":""Chooses Type I as more problematic for diners, but gold expects Type II (unsafe restaurants remain open). Discussion mentions both errors but reaches the wrong conclusion."",""completeness"":""Provides identification and reasoning, albeit for the wrong choice."",""clarity"":""Explanation is coherent.""},""error"":null}"
os_5.29f,ci_rag,Conceptual Application,"{""correctness"":4.0,""completeness"":2.5,""clarity"":1.0},""score_raw"":7.5,","[],",null,"{""correctness"":""Correctly states to DECREASE α to be cautious about Type I error. Trade-off is misstated: decreasing α reduces false positives (Type I) but increases false negatives (Type II), not 'more false positives.'"",""completeness"":""Addresses both the α adjustment and the trade-off."",""clarity"":""Concise and readable."",""notes"":""Graded to standard statistical principle; in case of any mismatch in the gold, the direction here (decrease α ⇒ lower Type I, higher Type II) is the correct rule.""},""error"":null}"
os_5.31a,ci_rag,Hypothesis Formulation,"{""correctness"":6.0,""completeness"":3.0,""clarity"":1.0},""score_raw"":10.0,","[],",null,"""score_final"":null,{""correctness"":""Words match gold: H0 states equality of proportions; Ha states they are different. Symbols are correct: H0: p1 = p2, Ha: p1 ≠ p2."",""completeness"":""Provides both H0/Ha in words and in symbols as requested."",""clarity"":""Short, unambiguous statements mirroring the gold answer.""},""error"":null}"
os_5.31b,ci_rag,Interpretation of p-value,"{""correctness"":6.0,""completeness"":3.0,""clarity"":1.0},""score_raw"":10.0,","[],",null,"rationale"":{""correctness"":""Gives the correct general definition of a p-value and applies it to this context: a p ≈ 0.35 means a 35% chance of a result as or more extreme if H0 (p1 = p2) is true, implying weak evidence matches gold."",""completeness"":""Includes both the general definition and the context-specific explanation/implication."",""clarity"":""Clear, plain-language explanation; avoids saying p-value is the probability H0 is true.""},""error"":null}"
os_5.31c,ci_rag,Practical vs. Statistical Significance,"{""correctness"":6.0,""completeness"":3.0,""clarity"":1.0},""score_raw"":10.0,","[],",null,"{""correctness"":""Defines practical significance appropriately (real-world importance beyond statistical sig.) and concludes a 2% difference is likely not practically meaningful in this context consistent with gold."",""completeness"":""Answers both parts (definition + contextual assessment)."",""clarity"":""Cclear and readable; acknowledges context while giving a clear judgment.""},""error"":null}"
os_5.33a,ci_rag,Interpretation (CI to Hypothesis),"subscores"":{""correctness"":0.0,""completeness"":0.5,""clarity"":0.3},""score_raw"":0.8,""","[],",null,"{""correctness"":""Response does not address the potato-chips CI question. It neither compares the label value (130) to the given 95% CI [128.2, 130.9] nor states the correct decision (no evidence of inaccuracy)."",""completeness"":""Provides a hypothesis test for unrelated scenarios rather than the requested CI-based decision and reasoning."",""clarity"":""Treadble but not relevant to the asked task, so the conclusion for this item is unclear.""},""error"":null}"
os_5.33b,ci_rag,Interpretation (CI to Hypothesis),"subscores"":{""correctness"":6.0,""completeness"":3.0,""clarity"":1.0},""score_raw"":10.0,","[],",null,"{""correctness"":""States the CI will be narrower with a larger n because SE decreases; explains that this can change the hypothesis-test conclusion if the new interval excludes 130 matches gold."",""completeness"":""Answers all three prompts: width comparison, reason, and how the conclusion could change."",""clarity"":""Plain, direct wording; links each point to the scenario.""},""error"":null}"
os_5.35a,ci_rag,Interpretation (CI to Hypothesis),"{""correctness"":6.0,""completeness"":3.0,""clarity"":1.0},""score_raw"":10.0,","[],",null,"""score_final"":null,{""correctness"":""Correctly judges the statement TRUE and explains that as n increases, SE decreases so even tiny differences can yield large test statistics and statistical significance exactly as in the gold."",""completeness"":""Provides a decision and the reasoning tied to SE/test statistic."",""clarity"":""Concise and accurate.""},""error"":null}"
os_5.35b,ci_rag,Practical vs. Statistical Significance,"{""correctness"":6.0,""completeness"":3.0,""clarity"":1.0},""score_raw"":10.0,","[],",null,"""score_final"":null,{""correctness"":""Defines practical significance correctly and applies it: a 1.5-sec/day increase is likely not meaningful; costs can outweigh trivial gains agrees with gold."",""completeness"":""Covers definition and business application."",""clarity"":""Clear business framing.""},""error"":null}"
os_5.37a,ci_rag,Hypothesis Formulation,"{""correctness"":4.0,""completeness"":3.0,""clarity"":0.8},""score_raw"":7.8,","[{""code"":""wrong_tail_vs_wording"",""points"":null,""reason"": ""muddles wording with '10' instead of 0.5.""}],",null,"""score_final"":null,{""correctness"":""Symbols use population parameter p and include equality in H0, Ha is two-sided (p≠0.5). Also text mistakenly says '10' rather than 0.5."",""completeness"":""Provides H0 and Ha in both words and symbols."",""clarity"":""Mostly clear but the '10 (half the positions)' typo reduces clarity.""},""error"":null}"
os_5.37b,ci_rag,Full Test Procedure,"{""correctness"":4.2,""completeness"":3.0,""clarity"":1.0},""score_raw"":8.2,","[{""code"":""arithmetic_error_major"",""points"":null,""reason"":""Standard error computed as 0.1587 and resulting z≈4.48 are incorrect; correct SE≈0.109 and z≈3.72.""}],",null,"""score_final"":null,{""correctness"":""H0/Ha correct (p=0.5 vs p>0.5). Conditions checked with p0 and met. Decision to reject H0 aligns with gold. However SE and z are miscomputed though the conclusion remains the same."",""completeness"":""Includes all required steps: hypotheses→checks→test statistic/p-value→decision→contextual conclusion."",""clarity"":""Well structured and with correct steps included explanation.""},""error"":null}"
is_74,ci_rag,Full Test Procedure,"{""correctness"": 4.0, ""completeness"": 2.5, ""clarity"": 0.9}, ""score_raw"": 7.4,"," [{""code"": ""wrong_test_selection"", ""points"": null, ""reason"": ""Used t with sample SD even though σ=8000 is known (should use z).""}],",null," {""correctness"": ""- H0/Ha stated with correct direction (left-tailed); links decision to p-value.\n- Test statistic and p-value computed but with t instead of z; numeric result off.\n- Conclusion (reject) matches gold given α=0.05 despite wrong test family."", ""completeness"": ""- Gives hypotheses, identifies distribution, shows test statistic, decision, and brief interpretation.\n- CI bounds not fully reported (only point estimate and lower bound noted)."", ""clarity"": ""- Stepwise layout; minor notation slips.""}, ""error"": null}"
is_76,ci_rag,Full Test Procedure," {""correctness"": 2.0, ""completeness"": 2.0, ""clarity"": 0.7}, ""score_raw"": 4.7,"," [{""code"": ""wrong_test_selection"", ""points"": null, ""reason"": ""Used one-sample t with s=18¢; population SD is stated steady/known (should use z with σ≈20¢).""}, {""code"": ""arithmetic_error_major"", ""points"": null, ""reason"": ""Claims p=0.0286 < 0.01 and rejects; inequality is wrong (0.0286>0.01).""}, {""code"": ""wrong_tail_vs_wording"", ""points"": null, ""reason"": ""States two-sided Ha but then treats p as one-tailed.""}], ""score_final"": null,",null," {""correctness"": ""- H0/Ha written; structure of steps present.\n Wrong family (t vs z), wrong tail, and incorrect α comparison lead to wrong decision."", ""completeness"": ""- Gives most required elements but omits CI requested in (h) and mislabels tail."", ""clarity"": ""- Explanations are ok but include a contradictory tail statement.""}, ""error"": null}"
is_84,ci_rag,Full Test Procedure (Reasoning)," {""correctness"": 5.0, ""completeness"": 2.8, ""clarity"": 0.9}, ""score_raw"": 8.7,"," [],",null,"""score_final"": null,  {""correctness"": ""- H0: p=0.13; Ha: p<0.13 correct.\n- Chooses an exact/binomial rationale (reasonable with modest n); p-value meaning correctly explained.\n- CI test linkage correctly described (CI entirely below 0.13 ⇒ evidence for claim)."", ""completeness"": ""- Addresses (a)–(d) with sensible justifications."", ""clarity"": ""- Clear, succinct bullets.""}, ""error"": null}"
is_98,ci_rag,Full Test Procedure (Reasoning)," {""correctness"": 0.0, ""completeness"": 0.0, ""clarity"": 0.0}, ""score_raw"": 0.0,"," [],",null,"""score_final"": null,  {""correctness"": ""Response answers an unrelated college-affordability prompt (0.48 threshold); hypotheses/test do not match the scenario. Only generic comments applicable. But still no relevance to the actual question"", ""completeness"": ""- Steps (test choice, rejection rule, CI link, limitation) not provided for the stated problem."", ""clarity"": ""- Off-topic; too hard to map to the asked task.""}, ""error"": null}"
is_100,ci_rag,Full Test Procedure (Reasoning)," {""correctness"": 5.5, ""completeness"": 2.7, ""clarity"": 1.0}, ""score_raw"": 9.2,"," [],",null,"""score_final"": null,  {""correctness"": ""H0: no change; Ha: decrease and its correct.\n- One-sample z for proportion appropriate; Wilson CI justification with small n is ok and valid.\n- Notes effect of sample size on detection power."", ""completeness"": ""- Covers (a)–(d) with method, CI approach, and sample-size effect."", ""clarity"": ""- Clear, well-structured explanation.""}, ""error"": null}"
is2s_79,ci_rag,Full Test Procedure (Two-sample)," {""correctness"": 4.4, ""completeness"": 2.6, ""clarity"": 0.9}, ""score_raw"": 7.9,"," [{""code"": ""wrong_tail_vs_wording"", ""points"": null, ""reason"": ""Directional wording ‘exceeds’ but H0 written with the opposite inequality.""}],",null,"""score_final"": null,  {""correctness"": ""Chooses unequal-variances two-sample t correctly; statistic sign/direction discussed.\n- Decision ‘do not reject’ matches the data pattern.\n- H0 direction/wording inverted relative to task."", ""completeness"": ""- States variable, test, α, decision, and justification; no numeric p shown (only ≈)."", ""clarity"": ""Readable, small wording confusion on H0 direction.""}, ""error"": null}"
is_2s81,ci_rag,Full Test Procedure (Reasoning)," {""correctness"": 5.6, ""completeness"": 2.8, ""clarity"": 1.0}, ""score_raw"": 9.4,"," [],",null,"""score_final"": null,  {""correctness"": ""H0/Ha correct for ‘ME lower’ claim.\n- Unpooled two-sample t justified (SDs differ, σ unknown); interpretation of 95% CI Correct.\n Mentions normality as a key assumption."", ""completeness"": ""- Addresses (a)–(d) as requested."", ""clarity"": ""Clear and detailed.""}, ""error"": null}"
is_2s94,ci_rag,Full Test Procedure (Reasoning),"""Full Test Procedure (Reasoning)"",  {""correctness"": 5.5, ""completeness"": 2.7, ""clarity"": 1.0}, ""score_raw"": 9.2,"," [],",null,"""score_final"": null,  {""correctness"": ""- Correct two-sample means framing and right-tailed Ha (boys>girls).\n- Appropriate test choice and CI interpretation; p-value logic explained.\n- Limitation about generalisability noted."", ""completeness"": ""- Covers hypotheses, test, CI meaning, and limitation."", ""clarity"": ""- Well-structured.""}, ""error"": null}"
is_2s96,ci_rag,Full Test Procedure (Reasoning)," {""correctness"": 5.5, ""completeness"": 3.0, ""clarity"": 0.9}, ""score_raw"": 9.4,"," [],",null,"""score_final"": null,  {""correctness"": ""-Frames μ_hybrid−μ_non>0 with two-sample t; independent samples assumption implicit.\n CI interpretation correct; limitation (selection/measurement) relevant."", ""completeness"": ""Addresses (a)–(d) fully."", ""clarity"": ""Clear with appropriate notation.""}, ""error"": null}"
selfmade_1,ci_rag,Experiment Design,"{""correctness"":6.0,""completeness"":3.0,""clarity"":1.0},""score_raw"":10.0,""","deductions_applied"":[],",null,"{""correctness"":"" States a clear research question aligned to the claim.\n- Proposes a valid randomized two-group design, defines IV (study environment) and DV (memory-recall score) and how they’re measured.\n- Formulates H0/Ha with correct direction (silent > cafe) and links decision to a CI for μ_silent−μ_cafe.\n- CI rule is correct: a 95% CI for the difference that excludes 0 on the positive side supports Ha."",""completeness"":""- Addresses all requested parts (a–e): question, data collection, variables, hypotheses, and CI-based decision rule.\n- Provides enough procedural detail (group sizes, random assignment, standardized test) to implement."",""clarity"":""- Answer is structured by parts and uses unambiguous statistical language."",""notes"":""CI-to-hypothesis linkage correctly described; no α specified, but CI rule implies a standard 95% level.""},""error"":null}"
selfmade_2,ci_rag,Experiment Design,"subscores"":{""correctness"":4.5,""completeness"":2.5,""clarity"":0.8},""score_raw"":7.8,""","deductions_applied"":[{""code"":""wrong_CI_interpretation"",""points"":null,""reason"":""Says CI must exclude 0 but gives example (X<0<Y) that crosses 0 as sufficient; rule is inconsistent.""}],",null,"{""correctness"":"" Gives a reasonable two-group plan and a measurable sleep metric; defines hypotheses in words (treatment better than control).\n Explains meaning of a 95% CI for the group difference.\n- However, uses median in H0/Ha then describes CI for means, and the example CI contradicts the ‘exclude 0’ rule."",""completeness"":""- Covers experiment setup, metric, hypotheses, CI meaning, and decision rule; random assignment is not clearly stated; minor mismatch mean/median left unspecified."",""clarity"":"" Generally clear but the mean/median mismatch and the CI example (sign crossing 0) reduce clarity."",""notes"":""If using a mean-difference CI, the correct criterion is a 95% CI entirely above 0 (e.g., [0.2, 0.8]) to support improvement.""},""error"":null}"
selfmade_3,ci_rag,Experiment Design,"{""correctness"":6.0,""completeness"":3.0,""clarity"":1.0},""score_raw"":10.0,","[],",null,"{""correctness"":""- Research question matches task; identifies confounders and a control plan;.\n H0/Ha correctly state no difference vs difference in mean exam scores.\n- Chooses an appropriate test (two-sample t for independent means) for continuous outcomes."",""completeness"":""- Addresses all requested pieces: question, confounders & control approach, variables, hypotheses, data type, and statistical test."",""clarity"":""- Well organised, concise statements with standard terminology."",""notes"":"""", error"":null}"